0001124c7.jpg,-
000194a2d.jpg,-
0001b1832.jpg,-
00052ed46.jpg,-
000532683.jpg,-
000592296.jpg,-
0005d6d95.jpg,-
000805313.jpg,-
000913daf.jpg,-
000952d51.jpg,-
000aed819.jpg,-
000d26c17.jpg,-
000db3e62.jpg,-
000f7e728.jpg,-
00104f16f.jpg,-
0010eefb1.jpg,-
00122061c.jpg,-
001234638.jpg,-
0012669a8.jpg,-
0012a8fa1.jpg,-
0012b8981.jpg,-
0014b1235.jpg,-
0015a4f8b.jpg,-
00160335a.jpg,-
0016a2ab9.jpg,-
0016bc1a8.jpg,-
001768e84.jpg,-
0017c19d6.jpg,-
00189cc36.jpg,-
0018e5d6c.jpg,-
0018f7728.jpg,-
0019444bc.jpg,-
001948368.jpg,-
00196e715.jpg,-
001a7cba8.jpg,-
001ae1b37.jpg,-
001b9e692.jpg,-
001bcf222.jpg,-
001bfb70a.jpg,-
001db1e48.jpg,-
001ed8b9b.jpg,-
001f04ca3.jpg,-
002077cf3.jpg,-
00207e662.jpg,-
0022cade7.jpg,-
0022f64e5.jpg,-
0023b39c3.jpg,-
0024c3726.jpg,-
0026f7ea5.jpg,-
0027854cc.jpg,-
002868a5c.jpg,-
00286e8b9.jpg,-
00293fb9e.jpg,-
002943412.jpg,-
0029a4e84.jpg,-
002a4ab34.jpg,-
002abf883.jpg,-
002ac662a.jpg,-
002aef0e2.jpg,-
002b7f742.jpg,-
002bd6bc7.jpg,-
002c13bb6.jpg,-
002c872c1.jpg,-
002d107b5.jpg,-
002e4ecce.jpg,-
0030e7fe8.jpg,-
003385133.jpg,-
003490d93.jpg,-
003520305.jpg,-
0036c3aa8.jpg,-
0036df7bb.jpg,-
003711b66.jpg,-
00371aa92.jpg,-
003726244.jpg,-
00374ccfa.jpg,-
003850cde.jpg,-
003857112.jpg,-
0038cbe45.jpg,-
0039b40ac.jpg,-
0039c67c1.jpg,-
003b48a9e.jpg,-
003b507f1.jpg,-
003b50a15.jpg,-
003c09c8d.jpg,-
003e929b2.jpg,-
003eb5cb6.jpg,-
003efbe7e.jpg,-
003fcef7b.jpg,-
004277cde.jpg,-
0043b9c24.jpg,-
0043fe542.jpg,-
004514d4e.jpg,-
00461addf.jpg,-
00466744e.jpg,-
00477d9dd.jpg,-
0047f29d0.jpg,-
0048e49d5.jpg,-
00497c23d.jpg,-
004d40dc6.jpg,-
004d731e0.jpg,-
004e94ecb.jpg,-
004f253c6.jpg,-
004f448dd.jpg,-
005084f1b.jpg,-
00516532d.jpg,-
0052e3bdc.jpg,-
00552d24a.jpg,-
0055ffe5d.jpg,-
00562a5e4.jpg,-
00564274f.jpg,-
0056b2282.jpg,-
00578738f.jpg,-
005818de8.jpg,-
005883874.jpg,-
0059c618d.jpg,-
0059f4395.jpg,-
005a65e0d.jpg,-
005c8e121.jpg,-
005d6d2f2.jpg,-
005f64ff5.jpg,-
00608f068.jpg,-
0060ef048.jpg,-
006188aec.jpg,-
0061c2491.jpg,-
00624c7d6.jpg,-
0062e4cf1.jpg,-
006316220.jpg,-
00640a1af.jpg,-
0064bcd76.jpg,-
00657edc0.jpg,-
0065ad081.jpg,-
00677958d.jpg,-
0067a8e04.jpg,-
0068b3804.jpg,-
006abf2b8.jpg,-
006afd8f9.jpg,-
006b3a206.jpg,-
006b699d5.jpg,-
006ca5685.jpg,-
006d6bc79.jpg,-
006da0c7b.jpg,-
006de72bb.jpg,-
006f392d7.jpg,-
006f99d58.jpg,-
007387e08.jpg,-
0073eaf0c.jpg,-
0073fda18.jpg,-
007638694.jpg,-
00772037b.jpg,-
0077380fe.jpg,-
0079987ec.jpg,-
007abacf8.jpg,-
007afac42.jpg,-
007b25c03.jpg,-
007bcd840.jpg,-
007be06e8.jpg,-
007deeeae.jpg,-
007f4bcc6.jpg,-
00800bc58.jpg,-
00804c4d8.jpg,-
00806aaa8.jpg,-
00808d376.jpg,-
0080bd6a5.jpg,-
00815c663.jpg,-
0081d56d4.jpg,-
0082a47b4.jpg,-
0082b1331.jpg,-
0083414e4.jpg,-
008750c98.jpg,-
0087ae1e7.jpg,-
00885c45f.jpg,-
00887bc15.jpg,-
00895a91b.jpg,-
00898bc3a.jpg,-
008a1bdb4.jpg,-
008b86d16.jpg,-
008b94a8a.jpg,-
008ceaeb0.jpg,-
008d15664.jpg,-
008e764da.jpg,-
009105bc2.jpg,-
00918be6f.jpg,-
0091de0c1.jpg,-
0092a3597.jpg,-
009363023.jpg,-
009385621.jpg,-
0093a4735.jpg,-
009432a16.jpg,-
009751652.jpg,-
0097ba701.jpg,-
0097d1602.jpg,-
009a350fd.jpg,-
009a622f1.jpg,-
009bdad7b.jpg,-
009cdaffc.jpg,-
009db82af.jpg,-
009e09a64.jpg,-
009ecdcd1.jpg,-
009f3f058.jpg,-
009fb265e.jpg,-
009fcd170.jpg,-
00a177625.jpg,-
00a22caa9.jpg,-
00a2a6f9e.jpg,-
00a2dd872.jpg,-
00a4400d3.jpg,-
00a4bf025.jpg,-
00a544bfd.jpg,-
00a57d4f6.jpg,-
00a5ebe44.jpg,-
00a6fef47.jpg,-
00a768806.jpg,-
00a802020.jpg,-
00a9adaa4.jpg,-
00a9b7ec4.jpg,-
00a9be085.jpg,-
00ab42add.jpg,-
00acaac4f.jpg,-
00ae308a0.jpg,-
00ae86931.jpg,-
00af75a14.jpg,-
00af95e86.jpg,-
00afef099.jpg,-
00b101ed7.jpg,-
00b107acf.jpg,-
00b111ae4.jpg,-
00b281ca9.jpg,-
00b32bc04.jpg,-
00b499808.jpg,-
00b575504.jpg,-
00b6a23c2.jpg,-
00b6a447c.jpg,-
00b71d048.jpg,-
00b860464.jpg,-
00b8679e1.jpg,-
00b942b4d.jpg,-
00b9c1695.jpg,-
00b9c4491.jpg,-
00bb65eba.jpg,-
00bc80575.jpg,-
00bd1820a.jpg,-
00bd8945d.jpg,-
00bda63d1.jpg,-
00beafd62.jpg,-
00bf86cc5.jpg,-
00c0cc33f.jpg,-
00c11862d.jpg,-
00c122ce1.jpg,-
00c3aee3d.jpg,-
00c3b7275.jpg,-
00c3bafa8.jpg,-
00c3e1386.jpg,-
00c498ef4.jpg,-
00c52886d.jpg,-
00c54cf6e.jpg,-
00c578cdd.jpg,-
00c5d05ab.jpg,-
00c5e4817.jpg,-
00c6e7244.jpg,-
00c724ba6.jpg,-
00c885f4f.jpg,-
00c907d29.jpg,-
00c996565.jpg,-
00cafda46.jpg,-
00cb63085.jpg,-
00cb64f0b.jpg,-
00cc874bd.jpg,-
00ccafdf1.jpg,-
00ccc3a09.jpg,-
00cd53ea8.jpg,-
00ce2c1c0.jpg,-
00d12d3bb.jpg,-
00d1dc65b.jpg,-
00d25ceea.jpg,-
00d435eae.jpg,-
00d58aa07.jpg,-
00d69676f.jpg,-
00dd14958.jpg,-
00ddb1020.jpg,-
00df647a8.jpg,-
00dffdc42.jpg,-
00e027839.jpg,-
00e0bae17.jpg,-
00e56cc3c.jpg,-
00e5dcfec.jpg,-
00e603959.jpg,-
00e86b59c.jpg,-
00e886df9.jpg,-
00e890990.jpg,-
00e9ce8b0.jpg,-
00ea16fd7.jpg,-
00ead99e2.jpg,-
00ec0c6aa.jpg,-
00ec1da9d.jpg,-
00ecb6855.jpg,-
00ece0a62.jpg,-
00ed5f01b.jpg,-
00ee04562.jpg,-
00efe6d6c.jpg,-
00f0068db.jpg,-
00f13daf2.jpg,-
00f18fac6.jpg,-
00f19e6bc.jpg,-
00f1ada8e.jpg,-
00f1c4f01.jpg,-
00f28b9db.jpg,-
00f2effbb.jpg,-
00f3473ab.jpg,-
00f3af8f9.jpg,-
00f3b3424.jpg,-
00f4494b4.jpg,-
00f4cfc00.jpg,-
00f52a42b.jpg,-
00f6e4f76.jpg,-
00f708175.jpg,-
00f86959f.jpg,-
00f8913dd.jpg,-
00f89a059.jpg,-
00fa27dcf.jpg,-
00fc62a1b.jpg,-
00fcae382.jpg,-
00fcdb15c.jpg,-
00fd837c6.jpg,-
00fed32a5.jpg,-
00fef1178.jpg,-
00ffb2f7b.jpg,-
00ffc77a2.jpg,-
0100e8d86.jpg,-
010121351.jpg,-
01031cea7.jpg,-
010396a0e.jpg,-
0103e6841.jpg,-
0104b9b90.jpg,-
0104e3167.jpg,-
0104e9f46.jpg,-
0104ed53e.jpg,-
0105ced9b.jpg,-
0105cf277.jpg,-
0105f1088.jpg,-
010617112.jpg,-
0106d8593.jpg,-
0106f90ae.jpg,-
0107be4c9.jpg,-
0108b6dff.jpg,-
010a065a3.jpg,-
010a6fd46.jpg,-
010b1e6aa.jpg,-
010b2f6bb.jpg,-
010babb89.jpg,-
010cbbfa0.jpg,-
010d318f5.jpg,-
010dfa6be.jpg,-
010e15afe.jpg,-
010f9d359.jpg,-
010fafa3d.jpg,-
010ffc277.jpg,-
011027e4b.jpg,-
01109440b.jpg,-
0113b313a.jpg,-
011426d17.jpg,-
0114cb925.jpg,-
011589d1f.jpg,-
011598fb2.jpg,-
0115a40b5.jpg,-
0115b87f1.jpg,-
01178499a.jpg,-
0117bc68d.jpg,-
01184d414.jpg,-
01187f300.jpg,-
01192dade.jpg,-
01193c983.jpg,-
011bd6a9c.jpg,-
011c07777.jpg,-
011d3c832.jpg,-
011d6d5cc.jpg,-
011e93715.jpg,-
012083ce6.jpg,-
012178464.jpg,-
01227fd61.jpg,-
0123af2ee.jpg,-
0123f6aad.jpg,-
012552aca.jpg,-
012650ade.jpg,-
012735107.jpg,-
0127f4737.jpg,-
012a79ead.jpg,-
012e1cf94.jpg,-
012e5c9b7.jpg,-
012eae5d8.jpg,-
012ec00aa.jpg,-
012ed5bf4.jpg,-
013048d62.jpg,-
01305423f.jpg,-
013239316.jpg,-
013241413.jpg,-
01330de35.jpg,-
013376057.jpg,-
0133db8eb.jpg,-
0134d23cf.jpg,-
0134d6f8c.jpg,-
0135f9e05.jpg,-
01365c2c6.jpg,-
01370ecc5.jpg,-
01379d23e.jpg,-
0137ee2df.jpg,-
013877751.jpg,-
0138b5544.jpg,-
013c67417.jpg,-
013e52efa.jpg,-
013eb008f.jpg,-
013ebe2c7.jpg,-
013ee251e.jpg,-
013f277d0.jpg,-
0140787ec.jpg,-
0140b622f.jpg,-
0141b6094.jpg,-
01427bd61.jpg,-
014291085.jpg,-
014339c19.jpg,-
0143da271.jpg,-
0145d0281.jpg,-
0145ffe2c.jpg,-
014624873.jpg,-
0146bf806.jpg,-
01473660c.jpg,-
0148d55ba.jpg,-
0148e8c38.jpg,-
0149b4a95.jpg,-
014a47c36.jpg,-
014af5d8a.jpg,-
014b91092.jpg,-
014be8963.jpg,-
014c906b1.jpg,-
014dedbb2.jpg,-
014fcdd11.jpg,-
015076dc3.jpg,-
01530ba04.jpg,-
015399ad1.jpg,-
015401b11.jpg,-
01545b14c.jpg,-
015586350.jpg,-
01574d5c1.jpg,-
015861bab.jpg,-
0158c7349.jpg,-
0158daba7.jpg,-
01590e50f.jpg,-
0159108c0.jpg,-
0159edf2f.jpg,-
015a66eca.jpg,-
015ac431d.jpg,-
015b0907b.jpg,-
015b3c123.jpg,-
015ca91e1.jpg,-
015daf0d8.jpg,-
015e0504c.jpg,-
015e22f26.jpg,-
015e56b00.jpg,-
015e70094.jpg,-
015e9ac6d.jpg,-
015f5051f.jpg,-
015fa191b.jpg,-
015fd80fd.jpg,-
0160a797d.jpg,-
0160ece45.jpg,-
01610f690.jpg,-
01619d221.jpg,-
0161da107.jpg,-
0162c9ef9.jpg,-
01630720b.jpg,-
0163a734e.jpg,-
01648de59.jpg,-
0166012e5.jpg,-
0166e4046.jpg,-
0166f83f1.jpg,-
016765ab2.jpg,-
0168136f5.jpg,-
0169da4d2.jpg,-
016ad56c1.jpg,-
016ba1d67.jpg,-
016c70afa.jpg,-
016ca71c9.jpg,-
016cc6b10.jpg,-
016d67401.jpg,-
016dcd260.jpg,-
016ea4dbf.jpg,-
016f50f79.jpg,-
016f89755.jpg,-
017009f19.jpg,-
0170d5be7.jpg,-
01712474d.jpg,-
0171499be.jpg,-
0174eff5b.jpg,-
01757275a.jpg,-
0176ce7b1.jpg,-
0178c2489.jpg,-
01795394e.jpg,-
01796b428.jpg,-
0179b53bb.jpg,-
0179f1b7e.jpg,-
017a2a2a2.jpg,-
017a5f1aa.jpg,-
017afc2d5.jpg,-
017b8be5a.jpg,-
017c1f6f3.jpg,-
017c6ef2e.jpg,-
017edc6f0.jpg,-
017f86fa2.jpg,-
017ffa4e5.jpg,-
018098688.jpg,-
01819bdb1.jpg,-
0181c8d30.jpg,-
0181eb130.jpg,-
01834cb80.jpg,-
018358bc3.jpg,-
01849f537.jpg,-
0185849b9.jpg,-
0185abb5b.jpg,-
0185bdda1.jpg,-
01868e730.jpg,-
01875125d.jpg,-
018764c0b.jpg,-
01879ce11.jpg,-
0187b087a.jpg,-
018b5ba5b.jpg,-
018b8ef33.jpg,-
018d6daa2.jpg,-
018f45cf2.jpg,-
018f564e1.jpg,-
018f88616.jpg,-
018feb9a1.jpg,-
0190f8de4.jpg,-
01914baf2.jpg,-
01916382f.jpg,-
01924b710.jpg,-
019252dca.jpg,-
01926932c.jpg,-
0192ba27a.jpg,-
019336267.jpg,-
0193c0713.jpg,-
019467af7.jpg,-
019491575.jpg,-
01953adb5.jpg,-
01956d0c9.jpg,-
01968c2b3.jpg,-
01973eba5.jpg,-
019816c1f.jpg,-
0198728be.jpg,-
0199876d1.jpg,-
019bd7ee0.jpg,-
019ddb677.jpg,-
019f47360.jpg,-
019f4d040.jpg,-
01a1a2bd3.jpg,-
01a441c31.jpg,-
01a4b42b1.jpg,-
01a5dda59.jpg,-
01a5e1c3f.jpg,-
01a6582a0.jpg,-
01a7af49c.jpg,-
01a7fb8ef.jpg,-
01a8ab128.jpg,-
01a8c8bff.jpg,-
01a9daf54.jpg,-
01aacf989.jpg,-
01abc0110.jpg,-
01abe8621.jpg,-
01ad4720f.jpg,-
01ade0c01.jpg,-
01ae0d9e2.jpg,-
01ae15700.jpg,-
01aed7da3.jpg,-
01b0394b8.jpg,-
01b132e78.jpg,-
01b24c781.jpg,-
01b267948.jpg,-
01b2775b0.jpg,-
01b2b29c7.jpg,-
01b33d41f.jpg,-
01b60dfc0.jpg,-
01b674372.jpg,-
01b7347a6.jpg,-
01b87d3d6.jpg,-
01bbbec8e.jpg,-
01bc908db.jpg,-
01bd540db.jpg,-
01bd9e043.jpg,-
01bdc407f.jpg,-
01bdd5981.jpg,-
01be82522.jpg,-
01bf9ea23.jpg,-
01c11fdcf.jpg,-
01c1c7c52.jpg,-
01c40dc0c.jpg,-
01c454635.jpg,-
01c4562ea.jpg,-
01c5e7262.jpg,-
01c630212.jpg,-
01c6da630.jpg,-
01c8395ef.jpg,-
01c958505.jpg,-
01ca03158.jpg,-
01cc76139.jpg,-
01cecb9b6.jpg,-
01d175183.jpg,-
01d653480.jpg,-
01d6b0dda.jpg,-
01d6c0ada.jpg,-
01d7041bb.jpg,-
01d7af1dd.jpg,-
01d7b3c4b.jpg,-
01d83dd8a.jpg,-
01d85d282.jpg,-
01d92b966.jpg,-
01d956a2b.jpg,-
01da3b601.jpg,-
01de1273b.jpg,-
01de2fc25.jpg,-
01e06b76d.jpg,-
01e0fbf33.jpg,-
01e1d56d0.jpg,-
01e2f88db.jpg,-
01e3d543c.jpg,-
01e4fdbed.jpg,-
01e583366.jpg,-
01e8037b5.jpg,-
01e90fdbf.jpg,-
01ea4820f.jpg,-
01ea6e925.jpg,-
01ec512cd.jpg,-
01ed87ecb.jpg,-
01edf4e56.jpg,-
01ee06d13.jpg,-
01ef10853.jpg,-
01f0f8691.jpg,-
01f127bf3.jpg,-
01f138bd3.jpg,-
01f275b9e.jpg,-
01f286825.jpg,-
01f3589ac.jpg,-
01f3a118c.jpg,-
01f3e5e2a.jpg,-
01f417d42.jpg,-
01f445805.jpg,-
01f4e6453.jpg,-
01f560d41.jpg,-
01f5f84b8.jpg,-
01f6aa085.jpg,-
01f6d8bed.jpg,-
01f959675.jpg,-
01faa3823.jpg,-
01fd4ed98.jpg,-
01fd967f2.jpg,-
01fdb9246.jpg,-
01fe0cf6a.jpg,-
0200612e9.jpg,-
02021c2f9.jpg,-
0202c39b7.jpg,-
020323dde.jpg,-
020364a0c.jpg,-
0203650de.jpg,-
02049e814.jpg,-
0206d5f07.jpg,-
0206d9a62.jpg,-
02076894e.jpg,-
0208dfe73.jpg,-
020988a92.jpg,-
020a2bace.jpg,-
020b28a3a.jpg,-
020b6a9f0.jpg,-
020d34070.jpg,-
020dc83c1.jpg,-
020f1afe8.jpg,-
020f43406.jpg,-
0210dc4fb.jpg,-
0211c0c59.jpg,-
0211eaf35.jpg,-
0213b298f.jpg,-
0214d2b6f.jpg,-
02153fa85.jpg,-
021565350.jpg,-
0216528ec.jpg,-
021726b60.jpg,-
0218fb9e0.jpg,-
02192e46a.jpg,-
021bcb626.jpg,-
021d2b30c.jpg,-
021d42ffc.jpg,-
021e5ad03.jpg,-
021f5a5c2.jpg,-
02208125e.jpg,-
0220a05f4.jpg,-
0221ba171.jpg,-
0221c3d75.jpg,-
022395edf.jpg,-
0224562c4.jpg,-
0229121ce.jpg,-
022931fee.jpg,-
022c0e756.jpg,-
022d00f60.jpg,-
022d62754.jpg,-
023094247.jpg,-
023168e84.jpg,-
0231d2f81.jpg,-
023240c31.jpg,-
02328d9d4.jpg,-
02340e46d.jpg,-
0235388ac.jpg,-
02353a857.jpg,-
02356a37c.jpg,-
0235db857.jpg,-
0237d4ffe.jpg,-
02381372d.jpg,-
02381eef2.jpg,-
023881a49.jpg,-
0238a3610.jpg,-
023a8c6b4.jpg,-
023aec5ee.jpg,-
023beaff4.jpg,-
023ce48ce.jpg,-
023d5f530.jpg,-
023daba1c.jpg,-
023e9431c.jpg,-
023f1de19.jpg,-
023fd465e.jpg,-
0240e1a95.jpg,-
0240fc4b8.jpg,-
02417a036.jpg,-
02421d07b.jpg,-
02422697a.jpg,-
02422cd8a.jpg,-
024248678.jpg,-
024322b08.jpg,-
02445a8fc.jpg,-
0246ed76e.jpg,-
024742e5d.jpg,-
0247f505b.jpg,-
02482b4a6.jpg,-
0248aee06.jpg,-
0248d7b6d.jpg,-
0249be0f7.jpg,-
024a9c3f4.jpg,-
024b257f4.jpg,-
024b7b8b0.jpg,-
024bafd31.jpg,-
024bb3f6a.jpg,-
024bffeea.jpg,-
024ddc457.jpg,-
024fef3ec.jpg,-
02502a347.jpg,-
025085ccc.jpg,-
025150f65.jpg,-
02515ade0.jpg,-
02523c604.jpg,-
02526cba2.jpg,-
025325546.jpg,-
02535bfb0.jpg,-
025418698.jpg,-
02563dacd.jpg,-
0256476e4.jpg,-
0256b65a4.jpg,-
0256e1bd4.jpg,-
0256ef90d.jpg,-
02574d707.jpg,-
025788e32.jpg,-
02583d516.jpg,-
025a721a8.jpg,-
025ae18f1.jpg,-
025b0b457.jpg,-
025b52a2b.jpg,-
025baec78.jpg,-
025c5c279.jpg,-
025c83683.jpg,-
025ce9526.jpg,-
025dfd6fe.jpg,-
025f33344.jpg,-
025fbc9dd.jpg,-
025ff7618.jpg,-
02617ccf3.jpg,-
026214cfe.jpg,-
0262aaa0d.jpg,-
0263c0e5a.jpg,-
0265c210b.jpg,-
0267ff0b8.jpg,-
02688343b.jpg,-
02694afb1.jpg,-
0269b1787.jpg,-
026a4c17a.jpg,-
026ac57ce.jpg,-
026b0d0d5.jpg,-
026b15aeb.jpg,-
026b66a3e.jpg,-
026b8e116.jpg,-
026bb1723.jpg,-
026bce8ee.jpg,-
026c6e9bf.jpg,-
026d2493c.jpg,-
026dae336.jpg,-
026dbd337.jpg,-
026f813c9.jpg,-
0272026b4.jpg,-
0272a80e1.jpg,-
027323edb.jpg,-
027444fb7.jpg,-
027483868.jpg,-
0276d039b.jpg,-
02774cc0f.jpg,-
027912e2b.jpg,-
027a3b929.jpg,-
027a9ce9c.jpg,-
027afa11a.jpg,-
027b2269a.jpg,-
027b381f0.jpg,-
027c5620b.jpg,-
027e8d30e.jpg,-
027eb34b5.jpg,-
027f955b1.jpg,-
02810dc63.jpg,-
0282fde56.jpg,-
0283920f8.jpg,-
02854be01.jpg,-
028592ebf.jpg,-
0285b1b3e.jpg,-
028622be9.jpg,-
02862e7ea.jpg,-
0286357db.jpg,-
028686ddc.jpg,-
02884baad.jpg,-
0289651ff.jpg,-
02899dad2.jpg,-
028ac6285.jpg,-
028b3264d.jpg,-
028b8658a.jpg,-
028c9d202.jpg,-
028eaba1a.jpg,-
028ffda46.jpg,-
0291120e0.jpg,-
02923dee8.jpg,-
029263b60.jpg,-
0292a0504.jpg,-
0292e9584.jpg,-
0293072da.jpg,-
0293a5a19.jpg,-
02953c55a.jpg,-
0296e8724.jpg,-
029790daf.jpg,-
029883ddf.jpg,-
029919989.jpg,-
0299a28d8.jpg,-
0299e7726.jpg,-
029c0a0de.jpg,-
029c17261.jpg,-
029c99824.jpg,-
029d921f9.jpg,-
029e59628.jpg,-
029e9626f.jpg,-
029f4d87e.jpg,-
029fdd773.jpg,-
02a07c453.jpg,-
02a09371f.jpg,-
02a1ffd2d.jpg,-
02a22a00a.jpg,-
02a3edd4a.jpg,-
02a441fbf.jpg,-
02a5c36c9.jpg,-
02a608d41.jpg,-
02a80f00c.jpg,-
02a823e11.jpg,-
02a8ba068.jpg,-
02a9756b9.jpg,-
02aab4d49.jpg,-
02aab9aba.jpg,-
02ab2c0a7.jpg,-
02ab81b43.jpg,-
02ac40d55.jpg,-
02ac912d6.jpg,-
02ad00d34.jpg,-
02ad4a616.jpg,-
02ad57475.jpg,-
02ad7f3e2.jpg,-
02adb9daf.jpg,-
02b0bfcfa.jpg,-
02b16fab2.jpg,-
02b2e2be3.jpg,-
02b30cdbb.jpg,-
02b3abcc1.jpg,-
02b3bab15.jpg,-
02b48c152.jpg,-
02b5d006b.jpg,-
02b5e6ad4.jpg,-
02b854286.jpg,-
02b889b32.jpg,-
02b945641.jpg,-
02b9d973f.jpg,-
02ba2ecfe.jpg,-
02ba5b2c2.jpg,-
02bb1d178.jpg,-
02bb26bc4.jpg,-
02bb900e4.jpg,-
02bb9a3bf.jpg,-
02bbac109.jpg,-
02bd254d1.jpg,-
02bebcd29.jpg,-
02bf17114.jpg,-
02bfd9c6c.jpg,-
02c086331.jpg,-
02c0f1e6e.jpg,-
02c26d6f7.jpg,-
02c2a42d2.jpg,-
02c2c6c7e.jpg,-
02c314fd7.jpg,-
02c373f27.jpg,-
02c38ec7b.jpg,-
02c4cbff8.jpg,-
02c59b6ba.jpg,-
02c66b95d.jpg,-
02cad75b1.jpg,-
02cadf33e.jpg,-
02cbebfff.jpg,-
02ceecc4d.jpg,-
02cf4176d.jpg,-
02cfb3c9d.jpg,-
02d0a4912.jpg,-
02d0ae5cb.jpg,-
02d15f352.jpg,-
02d17ae21.jpg,-
02d215db2.jpg,-
02d29dbc2.jpg,-
02d385f81.jpg,-
02d3b8f58.jpg,-
02d450447.jpg,-
02d49dfcc.jpg,-
02d565e9e.jpg,-
02d569a35.jpg,-
02d6d3aba.jpg,-
02d772058.jpg,-
02d7e346f.jpg,-
02d928c1e.jpg,-
02d93cbf1.jpg,-
02d958534.jpg,-
02d9c899b.jpg,-
02dacd74e.jpg,-
02db69003.jpg,-
02db88cc5.jpg,-
02de1b37d.jpg,-
02df7aa11.jpg,-
02dfc6a62.jpg,-
02e04a2ba.jpg,-
02e25e554.jpg,-
02e304324.jpg,-
02e35cc36.jpg,-
02e39612d.jpg,-
02e4c0a3b.jpg,-
02e5cfabd.jpg,-
02e687d04.jpg,-
02e6a2a59.jpg,-
02e7b89fe.jpg,-
02e844a41.jpg,-
02e9922af.jpg,-
02ea71d21.jpg,-
02eaafa40.jpg,-
02ead2260.jpg,-
02eb9080d.jpg,-
02eeba747.jpg,-
02eebbaf0.jpg,-
02eee230d.jpg,-
02f0248a0.jpg,-
02f065953.jpg,-
02f28108a.jpg,-
02f332905.jpg,-
02f338495.jpg,-
02f448a25.jpg,-
02f509967.jpg,-
02f528d39.jpg,-
02f8e55db.jpg,-
02f963055.jpg,-
02fa41846.jpg,-
02fad98a5.jpg,-
02fca3ccb.jpg,-
02fdaf33f.jpg,-
02fdf14d1.jpg,-
02fff57ff.jpg,-
03007179a.jpg,-
03007ae96.jpg,-
030096287.jpg,-
0300b0b80.jpg,-
0300bf957.jpg,-
0300eef92.jpg,-
03025cb90.jpg,-
03032a216.jpg,-
0303358e5.jpg,-
0304d6084.jpg,-
030725a53.jpg,-
03078635d.jpg,-
0307f78a4.jpg,-
030a6b81d.jpg,-
030b5be80.jpg,-
030bab8fc.jpg,-
030e51946.jpg,-
030f88656.jpg,-
030fe0054.jpg,-
03103a352.jpg,-
031101e01.jpg,-
03117816c.jpg,-
0312b8f20.jpg,-
03130ba24.jpg,-
0313a9bf8.jpg,-
0313b328c.jpg,-
0313cda19.jpg,-
031414527.jpg,-
0317cda80.jpg,-
031860aa4.jpg,-
0318bab62.jpg,-
0318c5460.jpg,-
0318fc519.jpg,-
0319108b9.jpg,-
031a10d75.jpg,-
031b4c39c.jpg,-
031db2a4b.jpg,-
031e8fa33.jpg,-
031eb53bd.jpg,-
031ff355f.jpg,-
0321de785.jpg,-
03221cd53.jpg,-
03229a75e.jpg,-
03231ef33.jpg,-
032331eb3.jpg,-
03234a655.jpg,-
0323b41a7.jpg,-
0324256e3.jpg,-
032471c6b.jpg,-
032534dfe.jpg,-
0326cb6bd.jpg,-
0326f1afc.jpg,-
03271b948.jpg,-
03279df25.jpg,-
0327ddfe4.jpg,-
03283f72a.jpg,-
032882cc3.jpg,-
0328ab93d.jpg,-
0328e28c2.jpg,-
032aeef30.jpg,-
032bb0193.jpg,-
032c4201f.jpg,-
032c50393.jpg,-
032c88fa9.jpg,-
032d6ef4f.jpg,-
03302fd4e.jpg,-
03313c6c2.jpg,-
0331ce16a.jpg,-
033289c3c.jpg,-
03329434d.jpg,-
0332b003e.jpg,-
0333151de.jpg,-
0334874b4.jpg,-
03354d756.jpg,-
0335f0bec.jpg,-
03367375d.jpg,-
0337f6130.jpg,-
03384fef9.jpg,-
0338d526c.jpg,-
03390851f.jpg,-
033a8d05d.jpg,-
033c67df1.jpg,-
033d8434e.jpg,-
03408ff00.jpg,-
0342026f7.jpg,-
03425ab0a.jpg,-
03438e510.jpg,-
0343f6988.jpg,-
0344a78a7.jpg,-
0344b9a62.jpg,-
03452fdd3.jpg,-
0345a98ca.jpg,-
0346f7fca.jpg,-
034767ca7.jpg,-
0348d4a5c.jpg,-
0348ff893.jpg,-
034968828.jpg,-
03496afd0.jpg,-
034a04f66.jpg,-
034a0dddf.jpg,-
034a1400d.jpg,-
034abac62.jpg,-
034b4d234.jpg,-
034c16d51.jpg,-
034ca53a9.jpg,-
034e216f0.jpg,-
03504a689.jpg,-
0350f9c3d.jpg,-
03510b1d5.jpg,-
0351cafa1.jpg,-
03527aee7.jpg,-
03531443a.jpg,-
03533a855.jpg,-
03537a74b.jpg,-
035927b95.jpg,-
035974ff7.jpg,-
0359b4d40.jpg,-
035a70b63.jpg,-
035aa060b.jpg,-
035b2f630.jpg,-
035d7279e.jpg,-
035de1936.jpg,-
035e5ed97.jpg,-
035eafa77.jpg,-
035edd5ba.jpg,-
035f6d7db.jpg,-
0360caf6c.jpg,-
03613cbf1.jpg,-
036159544.jpg,-
0361fa902.jpg,-
0362bcab2.jpg,-
0362dbcf3.jpg,-
03635dbef.jpg,-
03636a9e0.jpg,-
0363cd2e0.jpg,-
0363dabab.jpg,-
0363dfa5e.jpg,-
03644371d.jpg,-
036530085.jpg,-
0365a61da.jpg,-
0366baf0f.jpg,-
0367e8a9d.jpg,-
0368387d6.jpg,-
036aefec1.jpg,-
036bd9ea9.jpg,-
036dadbdd.jpg,-
036de67f5.jpg,-
036e436fd.jpg,-
036f9b076.jpg,-
037126f8a.jpg,-
0371493d4.jpg,-
037192ffd.jpg,-
0372121e8.jpg,-
0372480b7.jpg,-
03727392f.jpg,-
0372afd80.jpg,-
0372ea1b7.jpg,-
0373600da.jpg,-
0374c49ba.jpg,-
0375857aa.jpg,-
037642165.jpg,-
0376c100c.jpg,-
03783100c.jpg,-
03791dba7.jpg,-
037996adf.jpg,-
0379bf020.jpg,-
037a04eab.jpg,-
037bc7abf.jpg,-
037bfd555.jpg,-
037cc9d3e.jpg,-
037e0ed6f.jpg,-
037e0f86e.jpg,-
037f54925.jpg,-
0380e9040.jpg,-
0380e94ce.jpg,-
0380ebf24.jpg,-
038163f7c.jpg,-
038367c52.jpg,-
03839a9ad.jpg,-
0384a0b91.jpg,-
0385a6b20.jpg,-
03861865e.jpg,-
0386ec9fa.jpg,-
03892f222.jpg,-
038972da7.jpg,-
0389d26d9.jpg,-
0389e1658.jpg,-
038adc9b5.jpg,-
038c43b1e.jpg,-
038cb7f0e.jpg,-
038cf3366.jpg,-
038daeb31.jpg,-
038edeb46.jpg,-
03909560c.jpg,-
03918d38b.jpg,-
0396dc556.jpg,-
039795360.jpg,-
0397c257c.jpg,-
03983b3c0.jpg,-
03987c478.jpg,-
0398b565f.jpg,-
0398ecd03.jpg,-
03998c7ee.jpg,-
039a1ae26.jpg,-
039ad07e8.jpg,-
039b2ebe9.jpg,-
039b3acd6.jpg,-
039d354e9.jpg,-
039dc2086.jpg,-
039de0182.jpg,-
039e906cd.jpg,-
039ec5586.jpg,-
039edaf29.jpg,-
039ee8867.jpg,-
039eed298.jpg,-
039fbdd41.jpg,-
039fec93a.jpg,-
03a0f5329.jpg,-
03a0f5f93.jpg,-
03a138a86.jpg,-
03a2376cd.jpg,-
03a3cf71a.jpg,-
03a4de5bd.jpg,-
03a58ff0c.jpg,-
03a5fd8d2.jpg,-
03a681af1.jpg,-
03a6a59f5.jpg,-
03a7f266b.jpg,-
03a80dd02.jpg,-
03a82247a.jpg,-
03a8cb652.jpg,-
03a8ebd81.jpg,-
03a963315.jpg,-
03a9deed3.jpg,-
03ac4cb9f.jpg,-
03ac59d38.jpg,-
03af8955c.jpg,-
03b035bd9.jpg,-
03b241b69.jpg,-
03b27f7c3.jpg,-
03b28894f.jpg,-
03b34f7a1.jpg,-
03b3a79ca.jpg,-
03b4aca0a.jpg,-
03b4ad592.jpg,-
03b4cee3b.jpg,-
03b550668.jpg,-
03b5f54ce.jpg,-
03b6a0bf0.jpg,-
03b6fba64.jpg,-
03b717e31.jpg,-
03b77e1f8.jpg,-
03b90b808.jpg,-
03ba5bae7.jpg,-
03ba91c8b.jpg,-
03baa3011.jpg,-
03bb768ef.jpg,-
03bcac510.jpg,-
03bd63558.jpg,-
03bd64c19.jpg,-
03be3711f.jpg,-
03be5d7bd.jpg,-
03bf59164.jpg,-
03bfcbfa5.jpg,-
03c101b1a.jpg,-
03c272208.jpg,-
03c2a7431.jpg,-
03c2c78e5.jpg,-
03c52e923.jpg,-
03c53a4ca.jpg,-
03c5d57c0.jpg,-
03c807bd1.jpg,-
03c9f07e2.jpg,-
03ca367b5.jpg,-
03cd7bfd7.jpg,-
03d04aacc.jpg,-
03d075610.jpg,-
03d07af7b.jpg,-
03d081c7c.jpg,-
03d097fa4.jpg,-
03d24f93b.jpg,-
03d448495.jpg,-
03d520b6b.jpg,-
03d66b82c.jpg,-
03d67b97f.jpg,-
03d7d69a9.jpg,-
03d836ae5.jpg,-
03d99d65c.jpg,-
03d9e6d66.jpg,-
03dced6e1.jpg,-
03dd3138e.jpg,-
03dd554eb.jpg,-
03df7f7c6.jpg,-
03df9ac10.jpg,-
03e09f51d.jpg,-
03e12b25c.jpg,-
03e2cabba.jpg,-
03e4a01d9.jpg,-
03e4f5426.jpg,-
03e56aa82.jpg,-
03e6b080c.jpg,-
03e6da8f5.jpg,-
03e7849e7.jpg,-
03e7e8903.jpg,-
03e920fe5.jpg,-
03eaa8a5e.jpg,-
03eadd139.jpg,-
03ebc111f.jpg,-
03ed56529.jpg,-
03eee87b8.jpg,-
03efa6514.jpg,-
03eff1ba7.jpg,-
03f07757e.jpg,-
03f0e171d.jpg,-
03f0f7988.jpg,-
03f1637a3.jpg,-
03f249e87.jpg,-
03f3fda07.jpg,-
03f570eac.jpg,-
03f5f5e89.jpg,-
03f6d6dcd.jpg,-
03f9f9627.jpg,-
03fa4f028.jpg,-
03fc0fce6.jpg,-
03fc29e21.jpg,-
03fe3b839.jpg,-
03ff3ede2.jpg,-
03ff58124.jpg,-
040003a88.jpg,-
04000a557.jpg,-
04006057c.jpg,-
0400b2f44.jpg,-
04029a0c9.jpg,-
0402ca658.jpg,-
040353eb7.jpg,-
040448ed1.jpg,-
04046f935.jpg,-
040476ec0.jpg,-
0404b9221.jpg,-
0405d5bab.jpg,-
04069683a.jpg,-
040782828.jpg,-
040834bc2.jpg,-
0408f69d4.jpg,-
040979702.jpg,-
040991118.jpg,-
040a6a9a7.jpg,-
040befdef.jpg,-
040bf4e9e.jpg,-
040c2e921.jpg,-
040c585b1.jpg,-
040d3a7b0.jpg,-
040e100cc.jpg,-
040e3a4d3.jpg,-
040f91ad9.jpg,-
040f9ba23.jpg,-
040fb024d.jpg,-
0410a455d.jpg,-
0411e3020.jpg,-
04130b4d1.jpg,-
04132b93b.jpg,-
0413cfbde.jpg,-
0413d8cce.jpg,-
041610e5e.jpg,-
04163641b.jpg,-
041a49a22.jpg,-
041b62c21.jpg,-
041b682e2.jpg,-
041b8262d.jpg,-
041c27b8a.jpg,-
041db097d.jpg,-
041f103d4.jpg,-
042084340.jpg,-
04209c9fe.jpg,-
0420bacd6.jpg,-
042119fa6.jpg,-
042144f0c.jpg,-
04235dd53.jpg,-
042447c36.jpg,-
04276b73b.jpg,-
0427db177.jpg,-
